GEO.id,Id
GEO.id2,Id2
GEO.display-label,Geography
HC01_EST_VC01,Total; Estimate; Total population 5 years and over
HC01_MOE_VC01,Total; Margin of Error; Total population 5 years and over
HC02_EST_VC01,Speak only English at home; Estimate; Total population 5 years and over
HC02_MOE_VC01,Speak only English at home; Margin of Error; Total population 5 years and over
HC03_EST_VC01,Percent speak only English at home; Estimate; Total population 5 years and over
HC03_MOE_VC01,Percent speak only English at home; Margin of Error; Total population 5 years and over
HC04_EST_VC01,Speak a language other than English at home  - Total; Estimate; Total population 5 years and over
HC04_MOE_VC01,Speak a language other than English at home  - Total; Margin of Error; Total population 5 years and over
HC05_EST_VC01,Speak a language other than English at home  - Percent; Estimate; Total population 5 years and over
HC05_MOE_VC01,Speak a language other than English at home  - Percent; Margin of Error; Total population 5 years and over
HC06_EST_VC01,Speak a language other than English at home  - Speak Spanish at home; Estimate; Total population 5 years and over
HC06_MOE_VC01,Speak a language other than English at home  - Speak Spanish at home; Margin of Error; Total population 5 years and over
HC07_EST_VC01,Speak a language other than English at home  - Percent speak Spanish at home; Estimate; Total population 5 years and over
HC07_MOE_VC01,Speak a language other than English at home  - Percent speak Spanish at home; Margin of Error; Total population 5 years and over
HC01_EST_VC03,Total; Estimate; AGE - 5 to 17 years
HC01_MOE_VC03,Total; Margin of Error; AGE - 5 to 17 years
HC02_EST_VC03,Speak only English at home; Estimate; AGE - 5 to 17 years
HC02_MOE_VC03,Speak only English at home; Margin of Error; AGE - 5 to 17 years
HC03_EST_VC03,Percent speak only English at home; Estimate; AGE - 5 to 17 years
HC03_MOE_VC03,Percent speak only English at home; Margin of Error; AGE - 5 to 17 years
HC04_EST_VC03,Speak a language other than English at home  - Total; Estimate; AGE - 5 to 17 years
HC04_MOE_VC03,Speak a language other than English at home  - Total; Margin of Error; AGE - 5 to 17 years
HC05_EST_VC03,Speak a language other than English at home  - Percent; Estimate; AGE - 5 to 17 years
HC05_MOE_VC03,Speak a language other than English at home  - Percent; Margin of Error; AGE - 5 to 17 years
HC06_EST_VC03,Speak a language other than English at home  - Speak Spanish at home; Estimate; AGE - 5 to 17 years
HC06_MOE_VC03,Speak a language other than English at home  - Speak Spanish at home; Margin of Error; AGE - 5 to 17 years
HC07_EST_VC03,Speak a language other than English at home  - Percent speak Spanish at home; Estimate; AGE - 5 to 17 years
HC07_MOE_VC03,Speak a language other than English at home  - Percent speak Spanish at home; Margin of Error; AGE - 5 to 17 years
HC01_EST_VC04,Total; Estimate; AGE - 18 to 64 years
HC01_MOE_VC04,Total; Margin of Error; AGE - 18 to 64 years
HC02_EST_VC04,Speak only English at home; Estimate; AGE - 18 to 64 years
HC02_MOE_VC04,Speak only English at home; Margin of Error; AGE - 18 to 64 years
HC03_EST_VC04,Percent speak only English at home; Estimate; AGE - 18 to 64 years
HC03_MOE_VC04,Percent speak only English at home; Margin of Error; AGE - 18 to 64 years
HC04_EST_VC04,Speak a language other than English at home  - Total; Estimate; AGE - 18 to 64 years
HC04_MOE_VC04,Speak a language other than English at home  - Total; Margin of Error; AGE - 18 to 64 years
HC05_EST_VC04,Speak a language other than English at home  - Percent; Estimate; AGE - 18 to 64 years
HC05_MOE_VC04,Speak a language other than English at home  - Percent; Margin of Error; AGE - 18 to 64 years
HC06_EST_VC04,Speak a language other than English at home  - Speak Spanish at home; Estimate; AGE - 18 to 64 years
HC06_MOE_VC04,Speak a language other than English at home  - Speak Spanish at home; Margin of Error; AGE - 18 to 64 years
HC07_EST_VC04,Speak a language other than English at home  - Percent speak Spanish at home; Estimate; AGE - 18 to 64 years
HC07_MOE_VC04,Speak a language other than English at home  - Percent speak Spanish at home; Margin of Error; AGE - 18 to 64 years
HC01_EST_VC05,Total; Estimate; AGE - 65 years and over
HC01_MOE_VC05,Total; Margin of Error; AGE - 65 years and over
HC02_EST_VC05,Speak only English at home; Estimate; AGE - 65 years and over
HC02_MOE_VC05,Speak only English at home; Margin of Error; AGE - 65 years and over
HC03_EST_VC05,Percent speak only English at home; Estimate; AGE - 65 years and over
HC03_MOE_VC05,Percent speak only English at home; Margin of Error; AGE - 65 years and over
HC04_EST_VC05,Speak a language other than English at home  - Total; Estimate; AGE - 65 years and over
HC04_MOE_VC05,Speak a language other than English at home  - Total; Margin of Error; AGE - 65 years and over
HC05_EST_VC05,Speak a language other than English at home  - Percent; Estimate; AGE - 65 years and over
HC05_MOE_VC05,Speak a language other than English at home  - Percent; Margin of Error; AGE - 65 years and over
HC06_EST_VC05,Speak a language other than English at home  - Speak Spanish at home; Estimate; AGE - 65 years and over
HC06_MOE_VC05,Speak a language other than English at home  - Speak Spanish at home; Margin of Error; AGE - 65 years and over
HC07_EST_VC05,Speak a language other than English at home  - Percent speak Spanish at home; Estimate; AGE - 65 years and over
HC07_MOE_VC05,Speak a language other than English at home  - Percent speak Spanish at home; Margin of Error; AGE - 65 years and over
HC01_EST_VC08,Total; Estimate; NATIVITY AND CITIZENSHIP STATUS - Native
HC01_MOE_VC08,Total; Margin of Error; NATIVITY AND CITIZENSHIP STATUS - Native
HC02_EST_VC08,Speak only English at home; Estimate; NATIVITY AND CITIZENSHIP STATUS - Native
HC02_MOE_VC08,Speak only English at home; Margin of Error; NATIVITY AND CITIZENSHIP STATUS - Native
HC03_EST_VC08,Percent speak only English at home; Estimate; NATIVITY AND CITIZENSHIP STATUS - Native
HC03_MOE_VC08,Percent speak only English at home; Margin of Error; NATIVITY AND CITIZENSHIP STATUS - Native
HC04_EST_VC08,Speak a language other than English at home  - Total; Estimate; NATIVITY AND CITIZENSHIP STATUS - Native
HC04_MOE_VC08,Speak a language other than English at home  - Total; Margin of Error; NATIVITY AND CITIZENSHIP STATUS - Native
HC05_EST_VC08,Speak a language other than English at home  - Percent; Estimate; NATIVITY AND CITIZENSHIP STATUS - Native
HC05_MOE_VC08,Speak a language other than English at home  - Percent; Margin of Error; NATIVITY AND CITIZENSHIP STATUS - Native
HC06_EST_VC08,Speak a language other than English at home  - Speak Spanish at home; Estimate; NATIVITY AND CITIZENSHIP STATUS - Native
HC06_MOE_VC08,Speak a language other than English at home  - Speak Spanish at home; Margin of Error; NATIVITY AND CITIZENSHIP STATUS - Native
HC07_EST_VC08,Speak a language other than English at home  - Percent speak Spanish at home; Estimate; NATIVITY AND CITIZENSHIP STATUS - Native
HC07_MOE_VC08,Speak a language other than English at home  - Percent speak Spanish at home; Margin of Error; NATIVITY AND CITIZENSHIP STATUS - Native
HC01_EST_VC09,Total; Estimate; NATIVITY AND CITIZENSHIP STATUS - Foreign born
HC01_MOE_VC09,Total; Margin of Error; NATIVITY AND CITIZENSHIP STATUS - Foreign born
HC02_EST_VC09,Speak only English at home; Estimate; NATIVITY AND CITIZENSHIP STATUS - Foreign born
HC02_MOE_VC09,Speak only English at home; Margin of Error; NATIVITY AND CITIZENSHIP STATUS - Foreign born
HC03_EST_VC09,Percent speak only English at home; Estimate; NATIVITY AND CITIZENSHIP STATUS - Foreign born
HC03_MOE_VC09,Percent speak only English at home; Margin of Error; NATIVITY AND CITIZENSHIP STATUS - Foreign born
HC04_EST_VC09,Speak a language other than English at home  - Total; Estimate; NATIVITY AND CITIZENSHIP STATUS - Foreign born
HC04_MOE_VC09,Speak a language other than English at home  - Total; Margin of Error; NATIVITY AND CITIZENSHIP STATUS - Foreign born
HC05_EST_VC09,Speak a language other than English at home  - Percent; Estimate; NATIVITY AND CITIZENSHIP STATUS - Foreign born
HC05_MOE_VC09,Speak a language other than English at home  - Percent; Margin of Error; NATIVITY AND CITIZENSHIP STATUS - Foreign born
HC06_EST_VC09,Speak a language other than English at home  - Speak Spanish at home; Estimate; NATIVITY AND CITIZENSHIP STATUS - Foreign born
HC06_MOE_VC09,Speak a language other than English at home  - Speak Spanish at home; Margin of Error; NATIVITY AND CITIZENSHIP STATUS - Foreign born
HC07_EST_VC09,Speak a language other than English at home  - Percent speak Spanish at home; Estimate; NATIVITY AND CITIZENSHIP STATUS - Foreign born
HC07_MOE_VC09,Speak a language other than English at home  - Percent speak Spanish at home; Margin of Error; NATIVITY AND CITIZENSHIP STATUS - Foreign born
HC01_EST_VC10,Total; Estimate; NATIVITY AND CITIZENSHIP STATUS - Foreign born - Naturalized U.S. citizen
HC01_MOE_VC10,Total; Margin of Error; NATIVITY AND CITIZENSHIP STATUS - Foreign born - Naturalized U.S. citizen
HC02_EST_VC10,Speak only English at home; Estimate; NATIVITY AND CITIZENSHIP STATUS - Foreign born - Naturalized U.S. citizen
HC02_MOE_VC10,Speak only English at home; Margin of Error; NATIVITY AND CITIZENSHIP STATUS - Foreign born - Naturalized U.S. citizen
HC03_EST_VC10,Percent speak only English at home; Estimate; NATIVITY AND CITIZENSHIP STATUS - Foreign born - Naturalized U.S. citizen
HC03_MOE_VC10,Percent speak only English at home; Margin of Error; NATIVITY AND CITIZENSHIP STATUS - Foreign born - Naturalized U.S. citizen
HC04_EST_VC10,Speak a language other than English at home  - Total; Estimate; NATIVITY AND CITIZENSHIP STATUS - Foreign born - Naturalized U.S. citizen
HC04_MOE_VC10,Speak a language other than English at home  - Total; Margin of Error; NATIVITY AND CITIZENSHIP STATUS - Foreign born - Naturalized U.S. citizen
HC05_EST_VC10,Speak a language other than English at home  - Percent; Estimate; NATIVITY AND CITIZENSHIP STATUS - Foreign born - Naturalized U.S. citizen
HC05_MOE_VC10,Speak a language other than English at home  - Percent; Margin of Error; NATIVITY AND CITIZENSHIP STATUS - Foreign born - Naturalized U.S. citizen
HC06_EST_VC10,Speak a language other than English at home  - Speak Spanish at home; Estimate; NATIVITY AND CITIZENSHIP STATUS - Foreign born - Naturalized U.S. citizen
HC06_MOE_VC10,Speak a language other than English at home  - Speak Spanish at home; Margin of Error; NATIVITY AND CITIZENSHIP STATUS - Foreign born - Naturalized U.S. citizen
HC07_EST_VC10,Speak a language other than English at home  - Percent speak Spanish at home; Estimate; NATIVITY AND CITIZENSHIP STATUS - Foreign born - Naturalized U.S. citizen
HC07_MOE_VC10,Speak a language other than English at home  - Percent speak Spanish at home; Margin of Error; NATIVITY AND CITIZENSHIP STATUS - Foreign born - Naturalized U.S. citizen
HC01_EST_VC11,Total; Estimate; NATIVITY AND CITIZENSHIP STATUS - Foreign born - Not a U.S. citizen
HC01_MOE_VC11,Total; Margin of Error; NATIVITY AND CITIZENSHIP STATUS - Foreign born - Not a U.S. citizen
HC02_EST_VC11,Speak only English at home; Estimate; NATIVITY AND CITIZENSHIP STATUS - Foreign born - Not a U.S. citizen
HC02_MOE_VC11,Speak only English at home; Margin of Error; NATIVITY AND CITIZENSHIP STATUS - Foreign born - Not a U.S. citizen
HC03_EST_VC11,Percent speak only English at home; Estimate; NATIVITY AND CITIZENSHIP STATUS - Foreign born - Not a U.S. citizen
HC03_MOE_VC11,Percent speak only English at home; Margin of Error; NATIVITY AND CITIZENSHIP STATUS - Foreign born - Not a U.S. citizen
HC04_EST_VC11,Speak a language other than English at home  - Total; Estimate; NATIVITY AND CITIZENSHIP STATUS - Foreign born - Not a U.S. citizen
HC04_MOE_VC11,Speak a language other than English at home  - Total; Margin of Error; NATIVITY AND CITIZENSHIP STATUS - Foreign born - Not a U.S. citizen
HC05_EST_VC11,Speak a language other than English at home  - Percent; Estimate; NATIVITY AND CITIZENSHIP STATUS - Foreign born - Not a U.S. citizen
HC05_MOE_VC11,Speak a language other than English at home  - Percent; Margin of Error; NATIVITY AND CITIZENSHIP STATUS - Foreign born - Not a U.S. citizen
HC06_EST_VC11,Speak a language other than English at home  - Speak Spanish at home; Estimate; NATIVITY AND CITIZENSHIP STATUS - Foreign born - Not a U.S. citizen
HC06_MOE_VC11,Speak a language other than English at home  - Speak Spanish at home; Margin of Error; NATIVITY AND CITIZENSHIP STATUS - Foreign born - Not a U.S. citizen
HC07_EST_VC11,Speak a language other than English at home  - Percent speak Spanish at home; Estimate; NATIVITY AND CITIZENSHIP STATUS - Foreign born - Not a U.S. citizen
HC07_MOE_VC11,Speak a language other than English at home  - Percent speak Spanish at home; Margin of Error; NATIVITY AND CITIZENSHIP STATUS - Foreign born - Not a U.S. citizen
HC01_EST_VC14,Total; Estimate; POVERTY STATUS IN THE PAST 12 MONTHS - Population 5 years and over for whom poverty status is determined
HC01_MOE_VC14,Total; Margin of Error; POVERTY STATUS IN THE PAST 12 MONTHS - Population 5 years and over for whom poverty status is determined
HC02_EST_VC14,Speak only English at home; Estimate; POVERTY STATUS IN THE PAST 12 MONTHS - Population 5 years and over for whom poverty status is determined
HC02_MOE_VC14,Speak only English at home; Margin of Error; POVERTY STATUS IN THE PAST 12 MONTHS - Population 5 years and over for whom poverty status is determined
HC03_EST_VC14,Percent speak only English at home; Estimate; POVERTY STATUS IN THE PAST 12 MONTHS - Population 5 years and over for whom poverty status is determined
HC03_MOE_VC14,Percent speak only English at home; Margin of Error; POVERTY STATUS IN THE PAST 12 MONTHS - Population 5 years and over for whom poverty status is determined
HC04_EST_VC14,Speak a language other than English at home  - Total; Estimate; POVERTY STATUS IN THE PAST 12 MONTHS - Population 5 years and over for whom poverty status is determined
HC04_MOE_VC14,Speak a language other than English at home  - Total; Margin of Error; POVERTY STATUS IN THE PAST 12 MONTHS - Population 5 years and over for whom poverty status is determined
HC05_EST_VC14,Speak a language other than English at home  - Percent; Estimate; POVERTY STATUS IN THE PAST 12 MONTHS - Population 5 years and over for whom poverty status is determined
HC05_MOE_VC14,Speak a language other than English at home  - Percent; Margin of Error; POVERTY STATUS IN THE PAST 12 MONTHS - Population 5 years and over for whom poverty status is determined
HC06_EST_VC14,Speak a language other than English at home  - Speak Spanish at home; Estimate; POVERTY STATUS IN THE PAST 12 MONTHS - Population 5 years and over for whom poverty status is determined
HC06_MOE_VC14,Speak a language other than English at home  - Speak Spanish at home; Margin of Error; POVERTY STATUS IN THE PAST 12 MONTHS - Population 5 years and over for whom poverty status is determined
HC07_EST_VC14,Speak a language other than English at home  - Percent speak Spanish at home; Estimate; POVERTY STATUS IN THE PAST 12 MONTHS - Population 5 years and over for whom poverty status is determined
HC07_MOE_VC14,Speak a language other than English at home  - Percent speak Spanish at home; Margin of Error; POVERTY STATUS IN THE PAST 12 MONTHS - Population 5 years and over for whom poverty status is determined
HC01_EST_VC15,Total; Estimate; POVERTY STATUS IN THE PAST 12 MONTHS - Population 5 years and over for whom poverty status is determined - Below poverty level
HC01_MOE_VC15,Total; Margin of Error; POVERTY STATUS IN THE PAST 12 MONTHS - Population 5 years and over for whom poverty status is determined - Below poverty level
HC02_EST_VC15,Speak only English at home; Estimate; POVERTY STATUS IN THE PAST 12 MONTHS - Population 5 years and over for whom poverty status is determined - Below poverty level
HC02_MOE_VC15,Speak only English at home; Margin of Error; POVERTY STATUS IN THE PAST 12 MONTHS - Population 5 years and over for whom poverty status is determined - Below poverty level
HC03_EST_VC15,Percent speak only English at home; Estimate; POVERTY STATUS IN THE PAST 12 MONTHS - Population 5 years and over for whom poverty status is determined - Below poverty level
HC03_MOE_VC15,Percent speak only English at home; Margin of Error; POVERTY STATUS IN THE PAST 12 MONTHS - Population 5 years and over for whom poverty status is determined - Below poverty level
HC04_EST_VC15,Speak a language other than English at home  - Total; Estimate; POVERTY STATUS IN THE PAST 12 MONTHS - Population 5 years and over for whom poverty status is determined - Below poverty level
HC04_MOE_VC15,Speak a language other than English at home  - Total; Margin of Error; POVERTY STATUS IN THE PAST 12 MONTHS - Population 5 years and over for whom poverty status is determined - Below poverty level
HC05_EST_VC15,Speak a language other than English at home  - Percent; Estimate; POVERTY STATUS IN THE PAST 12 MONTHS - Population 5 years and over for whom poverty status is determined - Below poverty level
HC05_MOE_VC15,Speak a language other than English at home  - Percent; Margin of Error; POVERTY STATUS IN THE PAST 12 MONTHS - Population 5 years and over for whom poverty status is determined - Below poverty level
HC06_EST_VC15,Speak a language other than English at home  - Speak Spanish at home; Estimate; POVERTY STATUS IN THE PAST 12 MONTHS - Population 5 years and over for whom poverty status is determined - Below poverty level
HC06_MOE_VC15,Speak a language other than English at home  - Speak Spanish at home; Margin of Error; POVERTY STATUS IN THE PAST 12 MONTHS - Population 5 years and over for whom poverty status is determined - Below poverty level
HC07_EST_VC15,Speak a language other than English at home  - Percent speak Spanish at home; Estimate; POVERTY STATUS IN THE PAST 12 MONTHS - Population 5 years and over for whom poverty status is determined - Below poverty level
HC07_MOE_VC15,Speak a language other than English at home  - Percent speak Spanish at home; Margin of Error; POVERTY STATUS IN THE PAST 12 MONTHS - Population 5 years and over for whom poverty status is determined - Below poverty level
HC01_EST_VC16,Total; Estimate; POVERTY STATUS IN THE PAST 12 MONTHS - Population 5 years and over for whom poverty status is determined - At or above poverty level
HC01_MOE_VC16,Total; Margin of Error; POVERTY STATUS IN THE PAST 12 MONTHS - Population 5 years and over for whom poverty status is determined - At or above poverty level
HC02_EST_VC16,Speak only English at home; Estimate; POVERTY STATUS IN THE PAST 12 MONTHS - Population 5 years and over for whom poverty status is determined - At or above poverty level
HC02_MOE_VC16,Speak only English at home; Margin of Error; POVERTY STATUS IN THE PAST 12 MONTHS - Population 5 years and over for whom poverty status is determined - At or above poverty level
HC03_EST_VC16,Percent speak only English at home; Estimate; POVERTY STATUS IN THE PAST 12 MONTHS - Population 5 years and over for whom poverty status is determined - At or above poverty level
HC03_MOE_VC16,Percent speak only English at home; Margin of Error; POVERTY STATUS IN THE PAST 12 MONTHS - Population 5 years and over for whom poverty status is determined - At or above poverty level
HC04_EST_VC16,Speak a language other than English at home  - Total; Estimate; POVERTY STATUS IN THE PAST 12 MONTHS - Population 5 years and over for whom poverty status is determined - At or above poverty level
HC04_MOE_VC16,Speak a language other than English at home  - Total; Margin of Error; POVERTY STATUS IN THE PAST 12 MONTHS - Population 5 years and over for whom poverty status is determined - At or above poverty level
HC05_EST_VC16,Speak a language other than English at home  - Percent; Estimate; POVERTY STATUS IN THE PAST 12 MONTHS - Population 5 years and over for whom poverty status is determined - At or above poverty level
HC05_MOE_VC16,Speak a language other than English at home  - Percent; Margin of Error; POVERTY STATUS IN THE PAST 12 MONTHS - Population 5 years and over for whom poverty status is determined - At or above poverty level
HC06_EST_VC16,Speak a language other than English at home  - Speak Spanish at home; Estimate; POVERTY STATUS IN THE PAST 12 MONTHS - Population 5 years and over for whom poverty status is determined - At or above poverty level
HC06_MOE_VC16,Speak a language other than English at home  - Speak Spanish at home; Margin of Error; POVERTY STATUS IN THE PAST 12 MONTHS - Population 5 years and over for whom poverty status is determined - At or above poverty level
HC07_EST_VC16,Speak a language other than English at home  - Percent speak Spanish at home; Estimate; POVERTY STATUS IN THE PAST 12 MONTHS - Population 5 years and over for whom poverty status is determined - At or above poverty level
HC07_MOE_VC16,Speak a language other than English at home  - Percent speak Spanish at home; Margin of Error; POVERTY STATUS IN THE PAST 12 MONTHS - Population 5 years and over for whom poverty status is determined - At or above poverty level
HC01_EST_VC19,Total; Estimate; EDUCATIONAL ATTAINMENT - Population 25 years and over
HC01_MOE_VC19,Total; Margin of Error; EDUCATIONAL ATTAINMENT - Population 25 years and over
HC02_EST_VC19,Speak only English at home; Estimate; EDUCATIONAL ATTAINMENT - Population 25 years and over
HC02_MOE_VC19,Speak only English at home; Margin of Error; EDUCATIONAL ATTAINMENT - Population 25 years and over
HC03_EST_VC19,Percent speak only English at home; Estimate; EDUCATIONAL ATTAINMENT - Population 25 years and over
HC03_MOE_VC19,Percent speak only English at home; Margin of Error; EDUCATIONAL ATTAINMENT - Population 25 years and over
HC04_EST_VC19,Speak a language other than English at home  - Total; Estimate; EDUCATIONAL ATTAINMENT - Population 25 years and over
HC04_MOE_VC19,Speak a language other than English at home  - Total; Margin of Error; EDUCATIONAL ATTAINMENT - Population 25 years and over
HC05_EST_VC19,Speak a language other than English at home  - Percent; Estimate; EDUCATIONAL ATTAINMENT - Population 25 years and over
HC05_MOE_VC19,Speak a language other than English at home  - Percent; Margin of Error; EDUCATIONAL ATTAINMENT - Population 25 years and over
HC06_EST_VC19,Speak a language other than English at home  - Speak Spanish at home; Estimate; EDUCATIONAL ATTAINMENT - Population 25 years and over
HC06_MOE_VC19,Speak a language other than English at home  - Speak Spanish at home; Margin of Error; EDUCATIONAL ATTAINMENT - Population 25 years and over
HC07_EST_VC19,Speak a language other than English at home  - Percent speak Spanish at home; Estimate; EDUCATIONAL ATTAINMENT - Population 25 years and over
HC07_MOE_VC19,Speak a language other than English at home  - Percent speak Spanish at home; Margin of Error; EDUCATIONAL ATTAINMENT - Population 25 years and over
HC01_EST_VC20,Total; Estimate; EDUCATIONAL ATTAINMENT - Population 25 years and over - Less than high school graduate
HC01_MOE_VC20,Total; Margin of Error; EDUCATIONAL ATTAINMENT - Population 25 years and over - Less than high school graduate
HC02_EST_VC20,Speak only English at home; Estimate; EDUCATIONAL ATTAINMENT - Population 25 years and over - Less than high school graduate
HC02_MOE_VC20,Speak only English at home; Margin of Error; EDUCATIONAL ATTAINMENT - Population 25 years and over - Less than high school graduate
HC03_EST_VC20,Percent speak only English at home; Estimate; EDUCATIONAL ATTAINMENT - Population 25 years and over - Less than high school graduate
HC03_MOE_VC20,Percent speak only English at home; Margin of Error; EDUCATIONAL ATTAINMENT - Population 25 years and over - Less than high school graduate
HC04_EST_VC20,Speak a language other than English at home  - Total; Estimate; EDUCATIONAL ATTAINMENT - Population 25 years and over - Less than high school graduate
HC04_MOE_VC20,Speak a language other than English at home  - Total; Margin of Error; EDUCATIONAL ATTAINMENT - Population 25 years and over - Less than high school graduate
HC05_EST_VC20,Speak a language other than English at home  - Percent; Estimate; EDUCATIONAL ATTAINMENT - Population 25 years and over - Less than high school graduate
HC05_MOE_VC20,Speak a language other than English at home  - Percent; Margin of Error; EDUCATIONAL ATTAINMENT - Population 25 years and over - Less than high school graduate
HC06_EST_VC20,Speak a language other than English at home  - Speak Spanish at home; Estimate; EDUCATIONAL ATTAINMENT - Population 25 years and over - Less than high school graduate
HC06_MOE_VC20,Speak a language other than English at home  - Speak Spanish at home; Margin of Error; EDUCATIONAL ATTAINMENT - Population 25 years and over - Less than high school graduate
HC07_EST_VC20,Speak a language other than English at home  - Percent speak Spanish at home; Estimate; EDUCATIONAL ATTAINMENT - Population 25 years and over - Less than high school graduate
HC07_MOE_VC20,Speak a language other than English at home  - Percent speak Spanish at home; Margin of Error; EDUCATIONAL ATTAINMENT - Population 25 years and over - Less than high school graduate
HC01_EST_VC21,Total; Estimate; EDUCATIONAL ATTAINMENT - Population 25 years and over - High school graduate (includes equivalency)
HC01_MOE_VC21,Total; Margin of Error; EDUCATIONAL ATTAINMENT - Population 25 years and over - High school graduate (includes equivalency)
HC02_EST_VC21,Speak only English at home; Estimate; EDUCATIONAL ATTAINMENT - Population 25 years and over - High school graduate (includes equivalency)
HC02_MOE_VC21,Speak only English at home; Margin of Error; EDUCATIONAL ATTAINMENT - Population 25 years and over - High school graduate (includes equivalency)
HC03_EST_VC21,Percent speak only English at home; Estimate; EDUCATIONAL ATTAINMENT - Population 25 years and over - High school graduate (includes equivalency)
HC03_MOE_VC21,Percent speak only English at home; Margin of Error; EDUCATIONAL ATTAINMENT - Population 25 years and over - High school graduate (includes equivalency)
HC04_EST_VC21,Speak a language other than English at home  - Total; Estimate; EDUCATIONAL ATTAINMENT - Population 25 years and over - High school graduate (includes equivalency)
HC04_MOE_VC21,Speak a language other than English at home  - Total; Margin of Error; EDUCATIONAL ATTAINMENT - Population 25 years and over - High school graduate (includes equivalency)
HC05_EST_VC21,Speak a language other than English at home  - Percent; Estimate; EDUCATIONAL ATTAINMENT - Population 25 years and over - High school graduate (includes equivalency)
HC05_MOE_VC21,Speak a language other than English at home  - Percent; Margin of Error; EDUCATIONAL ATTAINMENT - Population 25 years and over - High school graduate (includes equivalency)
HC06_EST_VC21,Speak a language other than English at home  - Speak Spanish at home; Estimate; EDUCATIONAL ATTAINMENT - Population 25 years and over - High school graduate (includes equivalency)
HC06_MOE_VC21,Speak a language other than English at home  - Speak Spanish at home; Margin of Error; EDUCATIONAL ATTAINMENT - Population 25 years and over - High school graduate (includes equivalency)
HC07_EST_VC21,Speak a language other than English at home  - Percent speak Spanish at home; Estimate; EDUCATIONAL ATTAINMENT - Population 25 years and over - High school graduate (includes equivalency)
HC07_MOE_VC21,Speak a language other than English at home  - Percent speak Spanish at home; Margin of Error; EDUCATIONAL ATTAINMENT - Population 25 years and over - High school graduate (includes equivalency)
HC01_EST_VC22,Total; Estimate; EDUCATIONAL ATTAINMENT - Population 25 years and over - Some college or associate's degree
HC01_MOE_VC22,Total; Margin of Error; EDUCATIONAL ATTAINMENT - Population 25 years and over - Some college or associate's degree
HC02_EST_VC22,Speak only English at home; Estimate; EDUCATIONAL ATTAINMENT - Population 25 years and over - Some college or associate's degree
HC02_MOE_VC22,Speak only English at home; Margin of Error; EDUCATIONAL ATTAINMENT - Population 25 years and over - Some college or associate's degree
HC03_EST_VC22,Percent speak only English at home; Estimate; EDUCATIONAL ATTAINMENT - Population 25 years and over - Some college or associate's degree
HC03_MOE_VC22,Percent speak only English at home; Margin of Error; EDUCATIONAL ATTAINMENT - Population 25 years and over - Some college or associate's degree
HC04_EST_VC22,Speak a language other than English at home  - Total; Estimate; EDUCATIONAL ATTAINMENT - Population 25 years and over - Some college or associate's degree
HC04_MOE_VC22,Speak a language other than English at home  - Total; Margin of Error; EDUCATIONAL ATTAINMENT - Population 25 years and over - Some college or associate's degree
HC05_EST_VC22,Speak a language other than English at home  - Percent; Estimate; EDUCATIONAL ATTAINMENT - Population 25 years and over - Some college or associate's degree
HC05_MOE_VC22,Speak a language other than English at home  - Percent; Margin of Error; EDUCATIONAL ATTAINMENT - Population 25 years and over - Some college or associate's degree
HC06_EST_VC22,Speak a language other than English at home  - Speak Spanish at home; Estimate; EDUCATIONAL ATTAINMENT - Population 25 years and over - Some college or associate's degree
HC06_MOE_VC22,Speak a language other than English at home  - Speak Spanish at home; Margin of Error; EDUCATIONAL ATTAINMENT - Population 25 years and over - Some college or associate's degree
HC07_EST_VC22,Speak a language other than English at home  - Percent speak Spanish at home; Estimate; EDUCATIONAL ATTAINMENT - Population 25 years and over - Some college or associate's degree
HC07_MOE_VC22,Speak a language other than English at home  - Percent speak Spanish at home; Margin of Error; EDUCATIONAL ATTAINMENT - Population 25 years and over - Some college or associate's degree
HC01_EST_VC23,Total; Estimate; EDUCATIONAL ATTAINMENT - Population 25 years and over - Bachelor's degree or higher
HC01_MOE_VC23,Total; Margin of Error; EDUCATIONAL ATTAINMENT - Population 25 years and over - Bachelor's degree or higher
HC02_EST_VC23,Speak only English at home; Estimate; EDUCATIONAL ATTAINMENT - Population 25 years and over - Bachelor's degree or higher
HC02_MOE_VC23,Speak only English at home; Margin of Error; EDUCATIONAL ATTAINMENT - Population 25 years and over - Bachelor's degree or higher
HC03_EST_VC23,Percent speak only English at home; Estimate; EDUCATIONAL ATTAINMENT - Population 25 years and over - Bachelor's degree or higher
HC03_MOE_VC23,Percent speak only English at home; Margin of Error; EDUCATIONAL ATTAINMENT - Population 25 years and over - Bachelor's degree or higher
HC04_EST_VC23,Speak a language other than English at home  - Total; Estimate; EDUCATIONAL ATTAINMENT - Population 25 years and over - Bachelor's degree or higher
HC04_MOE_VC23,Speak a language other than English at home  - Total; Margin of Error; EDUCATIONAL ATTAINMENT - Population 25 years and over - Bachelor's degree or higher
HC05_EST_VC23,Speak a language other than English at home  - Percent; Estimate; EDUCATIONAL ATTAINMENT - Population 25 years and over - Bachelor's degree or higher
HC05_MOE_VC23,Speak a language other than English at home  - Percent; Margin of Error; EDUCATIONAL ATTAINMENT - Population 25 years and over - Bachelor's degree or higher
HC06_EST_VC23,Speak a language other than English at home  - Speak Spanish at home; Estimate; EDUCATIONAL ATTAINMENT - Population 25 years and over - Bachelor's degree or higher
HC06_MOE_VC23,Speak a language other than English at home  - Speak Spanish at home; Margin of Error; EDUCATIONAL ATTAINMENT - Population 25 years and over - Bachelor's degree or higher
HC07_EST_VC23,Speak a language other than English at home  - Percent speak Spanish at home; Estimate; EDUCATIONAL ATTAINMENT - Population 25 years and over - Bachelor's degree or higher
HC07_MOE_VC23,Speak a language other than English at home  - Percent speak Spanish at home; Margin of Error; EDUCATIONAL ATTAINMENT - Population 25 years and over - Bachelor's degree or higher
